<?xml version="1.0"?>
<!--
/**
 * Copyright © Magento, Inc. All rights reserved.
 * See COPYING.txt for license details.
 */
-->
<schema xmlns:xsi="http://www.w3.org/2001/XMLSchema-instance"
        xsi:noNamespaceSchemaLocation="urn:magento:framework:Setup/Declaration/Schema/etc/schema.xsd">
    <table name="zenoti" resource="default" engine="innodb" comment="Zenoti table">

        <column xsi:type="int" name="zenoti_id" padding="10" unsigned="true" nullable="false" identity="true" comment="Zenoti ID"/>

  	<column xsi:type="int" name="customer_id" nullable="false"  comment="Customer Id"/>

        <column xsi:type="varchar" name="zenoti_token" nullable="true" length="1024" comment="Zenoti Token"/>
        
        <constraint xsi:type="primary" referenceId="PRIMARY">
            <column name="zenoti_id"/>
        </constraint>
    </table>
</schema>
